# Time (s), Z (m), Mach Number, Angle of Attack (Â°)
0.000000,1053.435327,0.005761,84.804507
0.001942,1053.435327,0.005761,84.804507
0.003883,1053.435327,0.005761,84.804507
0.007766,1053.435328,0.005761,84.793469
0.008543,1053.435329,0.005761,84.766911
0.009319,1053.435331,0.005762,84.718215
0.010873,1053.435340,0.005763,84.576584
0.012426,1053.435358,0.005765,84.346557
0.013979,1053.435391,0.005769,84.028345
0.029511,1053.437563,0.005909,76.153715
0.045044,1053.446483,0.006532,61.437468
0.048150,1053.449498,0.006759,58.090191
0.051257,1053.453007,0.007023,54.778171
0.054363,1053.457032,0.007316,51.648678
0.060576,1053.467693,0.007961,46.111106
0.066789,1053.480447,0.008670,41.433597
0.128919,1053.713392,0.017357,19.302072
0.191048,1054.158649,0.027020,12.259259
0.253178,1054.819212,0.037014,8.917181
0.459517,1058.592333,0.071525,4.604319
0.464321,1058.710427,0.072349,4.559930
0.469125,1058.829882,0.073175,4.516315
0.478732,1059.071519,0.074827,4.431511
0.488340,1059.318614,0.076483,4.349450
0.497948,1059.571176,0.078142,4.269923
0.590556,1062.287899,0.094295,3.600609
0.683163,1065.522537,0.110740,3.034376
0.737898,1067.681370,0.120592,2.720137
0.792633,1070.025862,0.130541,2.410626
0.847368,1072.557691,0.140584,2.100606
0.902103,1075.278479,0.150722,1.787125
0.956838,1078.189807,0.160950,1.469357
1.011573,1081.293185,0.171268,1.148553
1.066308,1084.590060,0.181673,0.828138
1.136826,1089.125157,0.195205,0.427121
1.207345,1093.986586,0.208873,0.120005
1.277864,1099.177001,0.222674,0.348306
1.348383,1104.698929,0.236602,0.630549
1.418902,1110.554751,0.250653,0.841590
1.479312,1115.838512,0.262784,0.949249
1.526677,1120.154693,0.272355,0.980816
1.574041,1124.624137,0.281976,0.964254
1.621406,1129.247546,0.291646,0.900413
1.668770,1134.025644,0.301366,0.792728
1.722448,1139.628567,0.312439,0.625415
1.776126,1145.432200,0.323569,0.423291
1.829804,1151.437644,0.334757,0.205750
1.883482,1157.646004,0.345999,0.066655
1.937160,1164.058341,0.357291,0.234653
1.981717,1169.536776,0.366703,0.368536
2.026274,1175.157023,0.376146,0.467283
2.070831,1180.919585,0.385620,0.522865
2.106587,1185.647251,0.393244,0.533488
2.142344,1190.467089,0.400888,0.513783
2.178101,1195.379289,0.408549,0.465534
2.213857,1200.384013,0.416227,0.392288
2.272528,1208.796694,0.428862,0.232176
2.318041,1215.494978,0.438693,0.093431
2.363554,1222.343900,0.448546,0.065658
2.409067,1229.343607,0.458423,0.182025
2.454580,1236.494239,0.468320,0.272307
2.500093,1243.795913,0.478235,0.321291
2.545607,1251.248756,0.488168,0.323806
2.591120,1258.852942,0.498118,0.281383
2.636633,1266.608652,0.508081,0.202109
2.681976,1274.486144,0.518020,0.100340
2.713783,1280.102055,0.525000,0.030898
2.745590,1285.792247,0.531984,0.059706
2.777397,1291.556791,0.538973,0.123220
2.809204,1297.395739,0.545966,0.174808
2.841011,1303.309134,0.552962,0.209098
2.872818,1309.297006,0.559961,0.223520
2.904625,1315.359373,0.566962,0.217469
2.936432,1321.496229,0.573965,0.192268
2.973015,1328.646755,0.582021,0.143744
3.009599,1335.895719,0.590078,0.081462
3.038921,1341.776873,0.596536,0.029786
3.068244,1347.721153,0.602994,0.032370
3.097566,1353.728493,0.609450,0.077117
3.126888,1359.798829,0.615905,0.113868
3.156210,1365.932098,0.622359,0.137978
3.197715,1374.721009,0.631490,0.147078
3.239220,1383.635720,0.640614,0.126960
3.269738,1390.270782,0.647319,0.096777
3.300256,1396.973730,0.654020,0.058044
3.330774,1403.744522,0.660717,0.017819
3.361292,1410.583107,0.667408,0.030835
3.391810,1417.489425,0.674093,0.066016
3.422328,1424.463408,0.680771,0.092240
3.465650,1434.479439,0.690241,0.107768
3.501280,1442.819051,0.698017,0.100159
3.536911,1451.250453,0.705783,0.076587
3.572541,1459.773428,0.713536,0.042404
3.608171,1468.387740,0.721278,0.008690
3.643802,1477.093146,0.729006,0.033164
3.679432,1485.889397,0.736719,0.058365
3.723547,1496.905790,0.746248,0.070604
3.758450,1505.719766,0.753771,0.064006
3.793353,1514.620130,0.761277,0.045321
3.828255,1523.606671,0.768766,0.019618
3.863158,1532.679165,0.776237,0.012269
3.898061,1541.837379,0.783689,0.034897
3.932964,1551.081078,0.791118,0.049584
3.978566,1563.286850,0.800771,0.049738
4.012363,1572.426227,0.807900,0.038189
4.046159,1581.644886,0.815009,0.020219
4.052918,1583.498104,0.816428,0.016329
4.059678,1585.354479,0.817847,0.012464
4.066437,1587.214010,0.819264,0.008747
4.073196,1589.076692,0.820681,0.005551
4.079956,1590.942523,0.822097,0.004227
4.093474,1594.683624,0.824925,0.009092
4.106993,1598.437290,0.827750,0.015701
4.120511,1602.203503,0.830572,0.021751
4.134030,1605.982239,0.833389,0.026836
4.159627,1613.171454,0.838714,0.033178
4.185225,1620.405363,0.844026,0.034687
4.210822,1627.683833,0.849324,0.031436
4.236419,1635.006728,0.854608,0.024168
4.262016,1642.373912,0.859876,0.014246
4.292172,1651.109779,0.866064,0.004442
4.322328,1659.906700,0.872231,0.013622
4.352484,1668.764448,0.878377,0.022914
4.382640,1677.682789,0.884500,0.027636
4.412796,1686.661476,0.890601,0.027033
4.442952,1695.700246,0.896679,0.021585
4.473108,1704.798830,0.902733,0.012828
4.492924,1710.810183,0.906699,0.006664
4.495460,1711.581338,0.907205,0.005980
4.497995,1712.352912,0.907712,0.005357
4.499009,1712.661609,0.907914,0.005129
4.500023,1712.970373,0.908120,0.004916
4.500805,1713.208315,0.908274,0.004763
4.501586,1713.446293,0.908422,0.004620
4.503149,1713.922323,0.908708,0.004372
4.504712,1714.398491,0.908971,0.004178
4.506274,1714.874788,0.909214,0.004047
4.518196,1718.510524,0.910350,0.005094
4.523246,1720.051378,0.910453,0.006214
4.528295,1721.592198,0.910329,0.007457
4.530757,1722.343519,0.910178,0.008079
4.531025,1722.425293,0.910158,0.008147
4.531561,1722.588834,0.910119,0.008283
4.532097,1722.752368,0.910079,0.008419
4.532633,1722.915894,0.910039,0.008554
4.537994,1724.550732,0.909642,0.009895
4.543354,1726.184806,0.909245,0.011186
4.548715,1727.818116,0.908848,0.012403
4.579485,1737.178959,0.906575,0.017417
4.610256,1746.514736,0.904311,0.018342
4.641026,1755.825544,0.902055,0.015278
4.671796,1765.111480,0.899807,0.009340
4.678573,1767.153078,0.899313,0.007869
4.685349,1769.193475,0.898819,0.006450
4.692125,1771.232674,0.898326,0.005203
4.716760,1778.636045,0.896537,0.005217
4.741394,1786.023636,0.894752,0.009962
4.766029,1793.395497,0.892973,0.014269
4.802789,1804.366502,0.890328,0.017747
4.839548,1815.302763,0.887694,0.016790
4.876307,1826.204429,0.885071,0.012147
4.913067,1837.071649,0.882459,0.005913
4.923674,1840.201100,0.881708,0.004564
4.934281,1843.327697,0.880957,0.004005
4.944889,1846.451445,0.880207,0.004451
4.973094,1854.743947,0.878218,0.007579
5.001300,1863.016389,0.876235,0.010122
5.029506,1871.268838,0.874258,0.010968
5.048149,1876.712489,0.872955,0.010517
5.077279,1885.201080,0.870925,0.008512
5.100136,1891.846793,0.869336,0.006240
5.122993,1898.479531,0.867752,0.004288
5.145851,1905.099332,0.866172,0.004442
5.176321,1913.903916,0.864071,0.007497
5.206791,1922.685652,0.861978,0.010592
5.237261,1931.444633,0.859891,0.012372
5.267731,1940.180941,0.857812,0.012438
5.305552,1950.993406,0.855240,0.010255
5.343373,1961.771213,0.852680,0.006528
5.381194,1972.514503,0.850130,0.003922
5.419014,1983.223418,0.847590,0.005222
5.456835,1993.898103,0.845061,0.006737
5.494656,2004.538701,0.842542,0.006532
5.532477,2015.145358,0.840033,0.004959
5.570298,2025.718223,0.837534,0.004146
5.613416,2037.730885,0.834698,0.006354
5.656534,2049.700034,0.831874,0.008843
5.699652,2061.625885,0.829063,0.009639
5.706382,2063.483549,0.828624,0.009443
5.713113,2065.340164,0.828168,0.008684
5.719843,2067.195731,0.827714,0.008726
5.733304,2070.903722,0.826805,0.010949
5.746765,2074.607529,0.825898,0.014625
5.760226,2078.307156,0.824993,0.018603
5.790106,2086.504373,0.822987,0.026365
5.814963,2093.308338,0.821323,0.030458
5.839821,2100.098149,0.819664,0.031785
5.864679,2106.873845,0.818010,0.030275
5.889537,2113.635464,0.816360,0.026221
5.920402,2122.011461,0.814317,0.018521
5.951267,2130.365897,0.812281,0.009497
5.982132,2138.698850,0.810252,0.004346
6.012996,2147.010399,0.808230,0.009814
6.043861,2155.300623,0.806215,0.014622
6.074726,2163.569597,0.804206,0.016410
6.105591,2171.817392,0.802203,0.015092
6.136455,2180.044081,0.800207,0.011435
6.179400,2191.455615,0.797441,0.007165
6.213718,2200.545632,0.795240,0.010807
6.248036,2209.609838,0.793046,0.016471
6.282354,2218.648321,0.790860,0.020493
6.316672,2227.661171,0.788682,0.021729
6.350991,2236.648478,0.786512,0.020028
6.393330,2247.701426,0.783845,0.014698
6.435670,2258.715811,0.781190,0.007775
6.478009,2269.691813,0.778546,0.004186
6.513252,2278.798852,0.776353,0.006757
6.548494,2287.879518,0.774169,0.008783
6.583737,2296.933910,0.771992,0.008855
6.618980,2305.962122,0.769823,0.007431
6.654222,2314.964247,0.767662,0.006334
6.696644,2325.765641,0.765071,0.008507
6.739065,2336.529523,0.762490,0.012480
6.781487,2347.256047,0.759920,0.015331
6.823908,2357.945366,0.757361,0.015893
6.866330,2368.597636,0.754812,0.014074
6.914287,2380.595504,0.751944,0.010039
6.962244,2392.546450,0.749088,0.005831
7.010201,2404.450702,0.746246,0.004503
7.058158,2416.308482,0.743417,0.005558
7.106115,2428.120011,0.740601,0.005921
7.154072,2439.885502,0.737797,0.006031
7.202029,2451.605163,0.735006,0.007670
7.249986,2463.279201,0.732228,0.010398
7.297943,2474.907816,0.729462,0.012555
7.345901,2486.491211,0.726708,0.013137
7.393858,2498.029586,0.723966,0.011969
7.441815,2509.523144,0.721237,0.009582
7.489772,2520.972087,0.718519,0.007031
7.537729,2532.376615,0.715813,0.005538
7.590876,2544.963639,0.712828,0.005416
7.633417,2554.999921,0.710448,0.005714
7.675958,2565.001715,0.708078,0.006121
7.718499,2574.969153,0.705717,0.006934
7.761040,2584.902364,0.703364,0.008274
7.808847,2596.024492,0.700731,0.009998
7.856654,2607.103739,0.698129,0.008267
7.863315,2608.643819,0.697775,0.007425
7.869975,2610.183071,0.697421,0.007197
7.876635,2611.721496,0.697067,0.007628
7.889955,2614.795864,0.696361,0.009913
7.903275,2617.866929,0.695655,0.013051
7.916595,2620.934694,0.694949,0.016344
7.955509,2629.877907,0.692893,0.024679
7.987627,2637.238383,0.691201,0.028823
8.019746,2644.579817,0.689513,0.029887
8.051864,2651.902262,0.687830,0.027875
8.083983,2659.205769,0.686151,0.023207
8.124632,2668.422039,0.684032,0.014744
8.165281,2677.608149,0.681920,0.006772
8.198778,2685.155303,0.680185,0.008178
8.232275,2692.682091,0.678455,0.013774
8.265772,2700.188567,0.676729,0.018201
8.299269,2707.674785,0.675007,0.020369
8.332765,2715.140800,0.673291,0.020079
8.396459,2729.281862,0.670038,0.013870
8.449498,2741.001923,0.667342,0.007731
8.502536,2752.671971,0.664658,0.011226
8.544082,2761.778409,0.662562,0.016435
8.585627,2770.854408,0.660473,0.019772
8.627172,2779.900071,0.658391,0.020389
8.668718,2788.915499,0.656316,0.018341
8.710263,2797.900789,0.654247,0.014302
8.765506,2809.801994,0.651505,0.008283
8.820749,2821.650300,0.648775,0.007675
8.866059,2831.329006,0.646544,0.010767
8.911369,2840.972392,0.644321,0.012816
8.956680,2850.580577,0.642105,0.012747
9.001990,2860.153685,0.639896,0.010856
9.047301,2869.691839,0.637695,0.008507
9.103465,2881.466536,0.634976,0.008558
9.159630,2893.187954,0.632269,0.011963
9.215794,2904.856325,0.629572,0.014815
9.271959,2916.471875,0.626886,0.015313
9.328123,2928.034827,0.624210,0.013377
9.384288,2939.545394,0.621546,0.010114
9.440452,2951.003787,0.618891,0.007694
9.496617,2962.410212,0.616247,0.007892
9.547574,2972.714179,0.613857,0.009016
9.598530,2982.975694,0.611476,0.009475
9.649487,2993.194909,0.609102,0.009012
9.700444,3003.371981,0.606737,0.008331
9.765847,3016.372740,0.603713,0.008955
9.831249,3029.304653,0.600703,0.011311
9.883550,3039.596605,0.598305,0.012955
9.935851,3049.844899,0.595915,0.013542
9.988152,3060.049693,0.593534,0.012939
10.040452,3070.211143,0.591161,0.011499
10.092753,3080.329402,0.588796,0.009895
10.154994,3092.314550,0.585991,0.008730
10.217234,3104.238994,0.583199,0.008663
10.279475,3116.102984,0.580417,0.008958
10.341715,3127.906768,0.577646,0.009071
10.403956,3139.650597,0.574886,0.009244
10.504748,3158.541972,0.570440,0.010813
10.576732,3171.938605,0.567281,0.012339
10.648716,3185.256278,0.564138,0.019117
10.720699,3198.495366,0.561009,0.026355
10.792683,3211.656235,0.557894,0.028986
10.864667,3224.739249,0.554793,0.025817
10.876844,3226.944709,0.554270,0.024727
10.889021,3229.147953,0.553747,0.023540
10.901198,3231.348983,0.553224,0.022277
10.925552,3235.744406,0.552181,0.019633
10.949905,3240.130989,0.551138,0.016971
10.974259,3244.508746,0.550098,0.014506
11.021069,3252.898317,0.548102,0.011195
11.067878,3261.255408,0.546112,0.010718
11.114687,3269.580114,0.544127,0.011916
11.161497,3277.872526,0.542148,0.012832
11.223870,3288.872058,0.539519,0.012418
11.286243,3299.814625,0.536900,0.011267
11.348616,3310.700440,0.534291,0.012511
11.410989,3321.529721,0.531691,0.016768
11.473362,3332.302683,0.529100,0.021476
11.540572,3343.848211,0.526319,0.024839
11.592545,3352.731837,0.524176,0.025497
11.644518,3361.576778,0.522039,0.024445
11.696491,3370.383148,0.519909,0.022033
11.748464,3379.151061,0.517784,0.018887
11.810363,3389.543414,0.515262,0.015297
11.872261,3399.881557,0.512749,0.013103
11.934160,3410.165673,0.510244,0.012544
11.996059,3420.395942,0.507748,0.012703
12.057957,3430.572548,0.505261,0.013022
12.132588,3442.771252,0.502273,0.014188
12.207218,3454.892535,0.499297,0.016888
12.281848,3466.936715,0.496332,0.020408
12.356479,3478.904107,0.493380,0.023313
12.431109,3490.795021,0.490439,0.024585
12.505740,3502.609758,0.487510,0.023973
12.580370,3514.348614,0.484593,0.021937
12.655000,3526.011878,0.481686,0.019403
12.729631,3537.599834,0.478791,0.017342
12.804261,3549.112764,0.475907,0.016288
12.878892,3560.550946,0.473034,0.016168
12.961600,3573.140168,0.469862,0.016885
13.044308,3585.638304,0.466704,0.018467
13.127016,3598.045729,0.463559,0.020749
13.209724,3610.362815,0.460426,0.023131
13.292432,3622.589927,0.457307,0.024927
13.375140,3634.727424,0.454200,0.025731
13.457848,3646.775657,0.451105,0.025524
13.540556,3658.734972,0.448023,0.024608
13.623264,3670.605708,0.444953,0.023459
13.731871,3686.059605,0.440939,0.022341
13.840478,3701.362087,0.436947,0.022196
13.949085,3716.513891,0.432974,0.023132
14.057692,3731.515745,0.429022,0.024930
14.166298,3746.368370,0.425089,0.027094
14.274905,3761.072475,0.421175,0.028973
14.383512,3775.628756,0.417281,0.030097
14.492119,3790.037886,0.413376,0.024822
14.600726,3804.300516,0.409476,0.027646
14.679882,3814.603707,0.406645,0.030476
14.759039,3824.829646,0.403824,0.029721
14.822799,3833.010603,0.401559,0.026613
14.872302,3839.327866,0.399805,0.023627
14.921805,3845.615154,0.398055,0.021681
14.971309,3851.872529,0.396308,0.022432
15.020812,3858.100052,0.394565,0.026193
15.070315,3864.297784,0.392826,0.031657
15.119818,3870.465785,0.391090,0.037363
15.174938,3877.298725,0.389162,0.042873
15.230058,3884.094961,0.387239,0.046846
15.285178,3890.854573,0.385320,0.048977
15.340298,3897.577638,0.383405,0.049217
15.395418,3904.264232,0.381495,0.047740
15.510380,3918.093350,0.377526,0.040942
15.605282,3929.390457,0.374263,0.034788
15.700184,3940.580482,0.371013,0.031266
15.795086,3951.663779,0.367777,0.030686
15.889988,3962.640702,0.364552,0.031075
15.984890,3973.511603,0.361340,0.031322
16.079792,3984.276838,0.358141,0.032367
16.174694,3994.936761,0.354954,0.035740
16.269596,4005.491724,0.351779,0.041396
16.364498,4015.942078,0.348616,0.047680
16.459400,4026.288162,0.345466,0.052812
16.554302,4036.530313,0.342327,0.055743
16.649204,4046.668854,0.339200,0.056295
16.744105,4056.704104,0.336085,0.055009
16.839007,4066.636372,0.332981,0.052847
16.945360,4077.645050,0.329517,0.050589
17.051713,4088.525193,0.326067,0.049389
17.158065,4099.277213,0.322632,0.049490
17.264418,4109.901519,0.319211,0.050795
17.370770,4120.398516,0.315804,0.053280
17.505757,4133.538991,0.311500,0.058189
17.640744,4146.475836,0.307220,0.064760
17.775731,4159.209850,0.302961,0.071875
17.910717,4171.741815,0.298726,0.078099
18.045704,4184.072492,0.294512,0.082511
18.180691,4196.202621,0.290321,0.085085
18.315678,4208.132919,0.286153,0.086540
18.450664,4219.864083,0.282007,0.087884
18.585651,4231.396796,0.277883,0.089988
18.720638,4242.731724,0.273781,0.093376
18.855624,4253.869523,0.269702,0.098270
18.990611,4264.810839,0.265646,0.104678
19.125598,4275.556308,0.261612,0.112424
19.260585,4286.106552,0.257601,0.121157
19.395571,4296.462184,0.253613,0.130416
19.530558,4306.623802,0.249648,0.139756
19.665545,4316.591990,0.245707,0.148877
19.824678,4328.095636,0.241090,0.159221
19.983811,4339.332157,0.236508,0.169321
20.142944,4350.302433,0.231959,0.179664
20.302078,4361.007317,0.227444,0.190899
20.461211,4371.447642,0.222966,0.203571
20.663479,4384.337401,0.217325,0.222447
20.828593,4394.544613,0.212765,0.240507
20.993706,4404.469811,0.208246,0.261121
21.158819,4414.113831,0.203770,0.284326
21.323932,4423.477489,0.199339,0.310080
21.489045,4432.561575,0.194956,0.337491
21.654158,4441.366859,0.190621,0.367570
21.819271,4449.894088,0.186335,0.400390
21.984384,4458.143988,0.182100,0.435908
22.121192,4464.770026,0.178632,0.467419
22.258000,4471.206546,0.175201,0.501159
22.394808,4477.453933,0.171811,0.537485
22.531615,4483.512560,0.168462,0.576750
22.668423,4489.382794,0.165156,0.619275
22.805231,4495.064993,0.161896,0.665331
22.942039,4500.559510,0.158683,0.715152
23.160088,4508.929761,0.153665,0.803677
23.333936,4515.263216,0.149762,0.881856
23.507785,4521.295686,0.145951,0.967273
23.681634,4527.027822,0.142239,1.060367
23.855482,4532.460260,0.138631,1.161490
24.067257,4538.673833,0.134389,1.295283
24.279033,4544.444692,0.130327,1.440163
24.490808,4549.773889,0.126461,1.596289
24.702583,4554.662442,0.122807,1.762708
24.914359,4559.111336,0.119382,1.936939
25.126134,4563.121517,0.116204,2.115111
25.337910,4566.693888,0.113293,2.291953
25.549685,4569.829299,0.110666,2.460572
25.799058,4572.962226,0.107966,2.636653
26.048432,4575.491537,0.105716,2.771644
26.297805,4577.418240,0.103945,2.844712
26.547178,4578.743137,0.102674,2.833704
26.796552,4579.466783,0.101921,2.718084
26.972132,4579.615748,0.101706,2.564356
26.980952,4579.615373,0.101702,2.554977
26.990825,4579.613590,0.101699,2.547189
27.000697,4579.610865,0.101696,2.539245
27.020442,4579.603531,0.101693,2.517037
27.040188,4579.592429,0.101694,2.494007
27.059933,4579.577559,0.101697,2.470154
27.204466,4579.353957,0.101826,2.269209
27.348999,4578.928370,0.102132,2.024214
27.493532,4578.300680,0.102612,1.736371
27.638065,4577.470725,0.103265,1.409226
27.866417,4575.746735,0.104640,0.832586
28.094768,4573.516375,0.106419,0.282183
28.323120,4570.778513,0.108581,0.562550
28.480952,4568.588911,0.110288,0.983281
28.487297,4568.496238,0.109785,0.934400
28.493642,4568.403798,0.109288,0.885495
28.506332,4568.219380,0.108303,0.787522
28.519021,4568.035873,0.107337,0.690007
28.531711,4567.853252,0.106391,0.593620
28.602841,4566.844951,0.101414,0.245818
28.673972,4565.859867,0.096933,0.719254
28.745103,4564.894706,0.092883,1.347521
28.816233,4563.946603,0.089209,2.011882
28.924621,4562.529111,0.084231,3.073582
29.033010,4561.138049,0.079889,4.186878
29.141398,4559.767292,0.076082,5.346404
29.249786,4558.411703,0.072728,6.547677
29.358174,4557.067024,0.069762,7.786245
29.538342,4554.846564,0.065552,9.915376
29.718510,4552.633401,0.062082,12.113695
29.898678,4550.417385,0.059210,14.360351
30.078845,4548.190942,0.056829,16.634137
30.259013,4545.948292,0.054855,18.914832
30.439181,4543.685070,0.053221,21.183617
30.733743,4539.932665,0.051145,24.823482
31.028304,4536.108266,0.049648,28.325031
31.322866,4532.207820,0.048591,31.643018
31.617428,4528.230727,0.047866,34.748212
31.911989,4524.178757,0.047389,37.625404
32.206551,4520.055352,0.047097,40.270525
32.702499,4512.964349,0.046886,44.213483
33.198447,4505.708790,0.046890,47.563707
33.694395,4498.314826,0.047001,50.390945
34.190343,4490.807338,0.047157,52.768140
34.686291,4483.208494,0.047319,54.763682
35.182239,4475.537438,0.047469,56.437980
35.920400,4464.019904,0.047654,58.444538
36.658562,4452.418107,0.047787,59.991822
37.396723,4440.761537,0.047874,61.186106
38.134885,4429.070607,0.047926,62.108878
38.873046,4417.359134,0.047951,62.826956
39.462095,4408.005238,0.047957,63.282818
40.051144,4398.647913,0.047954,63.654413
40.640193,4389.289604,0.047943,63.957471
41.229241,4379.931996,0.047928,64.204655
41.840851,4370.218090,0.047908,64.413967
42.452462,4360.507149,0.047885,64.583193
43.064072,4350.799880,0.047860,64.720047
44.179271,4333.110583,0.047811,64.903946
45.294471,4315.436953,0.047760,65.030430
46.409670,4297.779516,0.047708,65.116838
47.524870,4280.138391,0.047656,65.175284
49.108625,4255.114009,0.047580,65.227559
50.692381,4230.123711,0.047506,65.258335
52.276137,4205.167084,0.047432,65.276082
53.859892,4180.243742,0.047357,65.286107
54.989222,4162.492095,0.047305,65.290581
56.118551,4144.757503,0.047252,65.293539
57.247881,4127.039796,0.047200,65.295522
58.077871,4114.029024,0.047162,65.296559
58.907861,4101.027291,0.047124,65.297342
59.737852,4088.034587,0.047086,65.297931
60.749664,4072.207819,0.047039,65.298456
61.761475,4056.394383,0.046993,65.298827
62.773287,4040.594234,0.046948,65.299090
64.880358,4007.733269,0.046852,65.299418
66.987429,3974.929335,0.046758,65.299568
69.094499,3942.182036,0.046664,65.299650
73.943119,3867.039348,0.046451,65.299727
78.791739,3792.190316,0.046241,65.299689
80.003894,3773.523178,0.046188,65.348277
80.676423,3763.173875,0.046157,65.420670
81.348953,3752.830197,0.046127,65.478038
82.021482,3742.492102,0.046097,65.523366
82.698827,3732.085598,0.046067,65.559484
83.376171,3721.684718,0.046037,65.588031
84.053516,3711.289456,0.046007,65.610590
85.427894,3690.214002,0.045947,65.642381
86.802271,3669.161540,0.045886,65.662533
88.176649,3648.131966,0.045826,65.675190
89.551027,3627.125170,0.045766,65.682883
91.188412,3602.127981,0.045695,65.688411
92.825797,3577.162810,0.045624,65.691402
94.463183,3552.229488,0.045554,65.693032
96.023146,3528.504592,0.045487,65.693939
97.583109,3504.808308,0.045421,65.694481
99.143072,3481.140496,0.045355,65.694789
100.178121,3465.452336,0.045311,65.694913
105.391977,3386.613778,0.045093,65.695180
110.605832,3308.085328,0.044879,65.695131
115.819687,3229.862483,0.044667,65.695016
116.862296,3214.256880,0.044625,65.694990
117.904905,3198.663291,0.044584,65.694966
118.947513,3183.081670,0.044542,65.694945
119.864766,3169.383336,0.044505,65.650828
120.567952,3158.888102,0.044476,65.579155
121.271139,3148.398243,0.044447,65.521584
121.974325,3137.913740,0.044418,65.476245
122.792768,3125.717491,0.044385,65.435525
123.611210,3113.528459,0.044352,65.404995
124.429653,3101.346624,0.044318,65.382178
125.610061,3083.789890,0.044271,65.359814
126.790468,3066.248041,0.044223,65.345505
127.970876,3048.721020,0.044175,65.335881
129.151284,3031.208771,0.044128,65.329246
130.730349,3007.805139,0.044065,65.323604
132.309414,2984.427718,0.044002,65.320243
133.888479,2961.076387,0.043940,65.318239
135.467544,2937.751028,0.043877,65.317043
138.596560,2891.606493,0.043755,65.315827
141.725576,2845.562495,0.043633,65.315361
144.854592,2799.618226,0.043513,65.315239
150.596853,2715.559907,0.043294,65.315393
156.339115,2631.829773,0.043079,65.315475
157.193600,2619.397886,0.043047,65.315437
158.048085,2606.973126,0.043016,65.315405
158.528527,2599.990350,0.042999,65.237005
159.201180,2590.217895,0.042977,65.065333
159.873833,2580.450202,0.042953,64.929772
160.546486,2570.687431,0.042929,64.822880
161.366970,2558.785908,0.042899,64.722207
162.187455,2546.891976,0.042869,64.646737
163.007939,2535.005664,0.042839,64.590113
164.469683,2513.848275,0.042784,64.523297
165.931428,2492.714879,0.042730,64.481846
167.393173,2471.605228,0.042675,64.456497
168.854918,2450.519048,0.042621,64.441805
170.329600,2429.269912,0.042566,64.432834
171.804282,2408.044494,0.042511,64.427625
173.278965,2386.842642,0.042457,64.424587
174.139548,2374.480655,0.042426,64.423406
175.000131,2362.126605,0.042394,64.422507
175.860715,2349.780479,0.042363,64.421844
176.678178,2338.060289,0.042333,64.421379
177.495641,2326.347213,0.042303,64.421032
178.313104,2314.641232,0.042274,64.420774
179.790371,2293.504864,0.042221,64.420466
181.267638,2272.391510,0.042168,64.420293
182.744905,2251.301068,0.042115,64.420198
185.802231,2207.724964,0.042006,64.420133
188.859557,2164.245710,0.041898,64.420157
191.916883,2120.862456,0.041792,64.420179
193.781505,2094.450383,0.041727,64.420175
195.646128,2068.073445,0.041663,64.420164
196.112284,2061.484682,0.041645,64.452701
196.578439,2054.898061,0.041625,64.568241
197.044595,2048.313475,0.041606,64.665243
197.510751,2041.730828,0.041588,64.747777
198.443062,2028.571164,0.041553,64.877728
199.375373,2015.418910,0.041520,64.971888
200.307685,2002.274100,0.041487,65.040030
201.239996,1989.136741,0.041455,65.089314
202.811267,1967.012521,0.041400,65.143339
204.382538,1944.909489,0.041345,65.175095
205.953810,1922.827744,0.041291,65.193514
207.525081,1900.767239,0.041237,65.203952
209.173302,1877.649008,0.041180,65.210285
210.821524,1854.553904,0.041124,65.213654
212.469745,1831.481905,0.041068,65.215479
214.157132,1807.885526,0.041011,65.216566
215.844519,1784.313175,0.040954,65.217200
217.531906,1760.764724,0.040897,65.217562
219.130496,1738.477437,0.040843,65.217757
220.729087,1716.211444,0.040790,65.217871
226.805680,1631.765683,0.040589,65.218066
232.882273,1547.621641,0.040390,65.220923
233.195637,1543.290589,0.040380,65.241271
233.509001,1538.960323,0.040369,65.259779
233.822364,1534.630839,0.040359,65.276462
234.449092,1525.974197,0.040338,65.305061
235.075819,1517.320642,0.040317,65.328110
235.702547,1508.670160,0.040297,65.346617
237.289682,1486.777223,0.040245,65.377891
238.876816,1464.903786,0.040193,65.395008
240.463951,1443.049753,0.040142,65.405036
242.051086,1421.215057,0.040091,65.411253
243.881001,1396.064272,0.040032,65.415420
245.710917,1370.939007,0.039973,65.417802
246.552381,1359.394002,0.039946,65.418512
246.693729,1357.455292,0.039942,65.418631
246.835077,1355.516734,0.039937,65.418744
248.052381,1338.827237,0.039899,65.419548
248.056017,1338.777732,0.039633,65.419550
248.059653,1338.728553,0.039372,65.419551
248.066926,1338.630839,0.038858,65.419553
248.074198,1338.534389,0.038359,65.419554
248.081470,1338.439165,0.037876,65.419553
248.114786,1338.017665,0.035840,65.419532
248.148102,1337.617946,0.034055,65.419485
248.181418,1337.237404,0.032480,65.419412
248.214734,1336.873833,0.031084,65.419316
248.264755,1336.355761,0.029263,65.419128
248.314776,1335.866551,0.027714,65.418892
248.364797,1335.402009,0.026387,65.418613
248.414818,1334.958670,0.025239,65.418294
248.464839,1334.533718,0.024242,65.417941
248.555375,1333.803975,0.022741,65.417225
248.645911,1333.115953,0.021548,65.416431
248.736447,1332.461211,0.020585,65.415582
248.826983,1331.833499,0.019802,65.414694
248.917519,1331.227883,0.019160,65.413786
249.008055,1330.640413,0.018630,65.412870
249.153348,1329.727951,0.017961,65.411415
249.298640,1328.844469,0.017459,65.410009
249.443933,1327.982816,0.017080,65.408675
249.589226,1327.137692,0.016792,65.407429
249.734518,1326.305146,0.016572,65.406278
249.960955,1325.025944,0.016327,65.404678
250.187391,1323.762465,0.016164,65.403306
250.413828,1322.509401,0.016055,65.402143
250.640264,1321.263274,0.015981,65.401166
250.866700,1320.021845,0.015932,65.400349
251.171131,1318.357636,0.015889,65.399464
251.475561,1316.696831,0.015864,65.398777
251.779991,1315.038027,0.015848,65.398245
252.084422,1313.380499,0.015838,65.397835
252.411357,1311.601307,0.015831,65.397496
252.738291,1309.822717,0.015827,65.397242
253.065226,1308.044497,0.015824,65.397051
253.393236,1306.260680,0.015821,65.396906
253.721246,1304.477061,0.015819,65.396798
254.049256,1302.693613,0.015817,65.396717
254.377372,1300.909741,0.015815,65.396656
254.705488,1299.126011,0.015814,65.396611
255.033604,1297.342416,0.015812,65.396577
257.037321,1286.453277,0.015802,65.396466
259.041037,1275.568904,0.015792,65.396454
261.044754,1264.689257,0.015782,65.396463
267.315137,1230.673136,0.015751,65.396470
273.585520,1196.702951,0.015720,65.396475
279.855903,1162.778467,0.015690,65.396477
296.980388,1070.361355,0.015607,65.396480
299.459769,1057.008497,0.015595,65.396479
299.756750,1055.409561,0.015593,65.395588
300.053730,1053.810729,0.015592,65.392575
300.123463,1053.435327,0.015592,65.391955
